Domain Code,Domain,Country Code,Country,Element Code,Element,Item Code,Item,Year Code,Year,Unit,Value,Flag,Flag Description
"FBS","Food Balance Sheets","5000","World","664","Food supply (kcal/capita/day)","2901","Grand Total","2013","2013","kcal/capita/day","2884","Fc","Calculated data"
"FBS","Food Balance Sheets","5000","World","664","Food supply (kcal/capita/day)","2903","Vegetal Products","2013","2013","kcal/capita/day","2370","Fc","Calculated data"
"FBS","Food Balance Sheets","5000","World","664","Food supply (kcal/capita/day)","2941","Animal Products","2013","2013","kcal/capita/day","514","Fc","Calculated data"
"FBS","Food Balance Sheets","5000","World","5527","Seed","2905","Cereals - Excluding Beer","2013","2013","1000 tonnes","68551","A","Aggregate, may include official, semi-official, estimated or calculated data"
"FBS","Food Balance Sheets","5000","World","5123","Losses","2905","Cereals - Excluding Beer","2013","2013","1000 tonnes","107125","A","Aggregate, may include official, semi-official, estimated or calculated data"
"FBS","Food Balance Sheets","5000","World","5142","Food","2905","Cereals - Excluding Beer","2013","2013","1000 tonnes","1029021","A","Aggregate, may include official, semi-official, estimated or calculated data"
"FBS","Food Balance Sheets","5000","World","645","Food supply quantity (kg/capita/yr)","2905","Cereals - Excluding Beer","2013","2013","kg","147.06","Fc","Calculated data"
"FBS","Food Balance Sheets","5000","World","664","Food supply (kcal/capita/day)","2905","Cereals - Excluding Beer","2013","2013","kcal/capita/day","1292","Fc","Calculated data"
"FBS","Food Balance Sheets","5000","World","5527","Seed","2511","Wheat and products","2013","2013","1000 tonnes","34283","A","Aggregate, may include official, semi-official, estimated or calculated data"
"FBS","Food Balance Sheets","5000","World","5123","Losses","2511","Wheat and products","2013","2013","1000 tonnes","27533","A","Aggregate, may include official, semi-official, estimated or calculated data"
"FBS","Food Balance Sheets","5000","World","5142","Food","2511","Wheat and products","2013","2013","1000 tonnes","457823","A","Aggregate, may include official, semi-official, estimated or calculated data"
"FBS","Food Balance Sheets","5000","World","645","Food supply quantity (kg/capita/yr)","2511","Wheat and products","2013","2013","kg","65.43","Fc","Calculated data"
"FBS","Food Balance Sheets","5000","World","664","Food supply (kcal/capita/day)","2511","Wheat and products","2013","2013","kcal/capita/day","527","Fc","Calculated data"
"FBS","Food Balance Sheets","5000","World","5527","Seed","2805","Rice (Milled Equivalent)","2013","2013","1000 tonnes","12197","A","Aggregate, may include official, semi-official, estimated or calculated data"
"FBS","Food Balance Sheets","5000","World","5123","Losses","2805","Rice (Milled Equivalent)","2013","2013","1000 tonnes","27377","A","Aggregate, may include official, semi-official, estimated or calculated data"
"FBS","Food Balance Sheets","5000","World","5142","Food","2805","Rice (Milled Equivalent)","2013","2013","1000 tonnes","377287","A","Aggregate, may include official, semi-official, estimated or calculated data"
"FBS","Food Balance Sheets","5000","World","645","Food supply quantity (kg/capita/yr)","2805","Rice (Milled Equivalent)","2013","2013","kg","53.92","Fc","Calculated data"
"FBS","Food Balance Sheets","5000","World","664","Food supply (kcal/capita/day)","2805","Rice (Milled Equivalent)","2013","2013","kcal/capita/day","541","Fc","Calculated data"
"FBS","Food Balance Sheets","5000","World","5527","Seed","2513","Barley and products","2013","2013","1000 tonnes","8803","A","Aggregate, may include official, semi-official, estimated or calculated data"
"FBS","Food Balance Sheets","5000","World","5123","Losses","2513","Barley and products","2013","2013","1000 tonnes","4624","A","Aggregate, may include official, semi-official, estimated or calculated data"
"FBS","Food Balance Sheets","5000","World","5142","Food","2513","Barley and products","2013","2013","1000 tonnes","6794","A","Aggregate, may include official, semi-official, estimated or calculated data"
"FBS","Food Balance Sheets","5000","World","645","Food supply quantity (kg/capita/yr)","2513","Barley and products","2013","2013","kg","0.97","Fc","Calculated data"
"FBS","Food Balance Sheets","5000","World","664","Food supply (kcal/capita/day)","2513","Barley and products","2013","2013","kcal/capita/day","7","Fc","Calculated data"
"FBS","Food Balance Sheets","5000","World","5527","Seed","2514","Maize and products","2013","2013","1000 tonnes","6838","A","Aggregate, may include official, semi-official, estimated or calculated data"
"FBS","Food Balance Sheets","5000","World","5123","Losses","2514","Maize and products","2013","2013","1000 tonnes","40703","A","Aggregate, may include official, semi-official, estimated or calculated data"
"FBS","Food Balance Sheets","5000","World","5142","Food","2514","Maize and products","2013","2013","1000 tonnes","125181","A","Aggregate, may include official, semi-official, estimated or calculated data"
"FBS","Food Balance Sheets","5000","World","645","Food supply quantity (kg/capita/yr)","2514","Maize and products","2013","2013","kg","17.89","Fc","Calculated data"
"FBS","Food Balance Sheets","5000","World","664","Food supply (kcal/capita/day)","2514","Maize and products","2013","2013","kcal/capita/day","147","Fc","Calculated data"
"FBS","Food Balance Sheets","5000","World","5527","Seed","2515","Rye and products","2013","2013","1000 tonnes","1264","A","Aggregate, may include official, semi-official, estimated or calculated data"
"FBS","Food Balance Sheets","5000","World","5123","Losses","2515","Rye and products","2013","2013","1000 tonnes","562","A","Aggregate, may include official, semi-official, estimated or calculated data"
"FBS","Food Balance Sheets","5000","World","5142","Food","2515","Rye and products","2013","2013","1000 tonnes","5505","A","Aggregate, may include official, semi-official, estimated or calculated data"
"FBS","Food Balance Sheets","5000","World","645","Food supply quantity (kg/capita/yr)","2515","Rye and products","2013","2013","kg","0.79","Fc","Calculated data"
"FBS","Food Balance Sheets","5000","World","664","Food supply (kcal/capita/day)","2515","Rye and products","2013","2013","kcal/capita/day","6","Fc","Calculated data"
"FBS","Food Balance Sheets","5000","World","5527","Seed","2516","Oats","2013","2013","1000 tonnes","2487","A","Aggregate, may include official, semi-official, estimated or calculated data"
"FBS","Food Balance Sheets","5000","World","5123","Losses","2516","Oats","2013","2013","1000 tonnes","520","A","Aggregate, may include official, semi-official, estimated or calculated data"
"FBS","Food Balance Sheets","5000","World","5142","Food","2516","Oats","2013","2013","1000 tonnes","3909","A","Aggregate, may include official, semi-official, estimated or calculated data"
"FBS","Food Balance Sheets","5000","World","645","Food supply quantity (kg/capita/yr)","2516","Oats","2013","2013","kg","0.56","Fc","Calculated data"
"FBS","Food Balance Sheets","5000","World","664","Food supply (kcal/capita/day)","2516","Oats","2013","2013","kcal/capita/day","3","Fc","Calculated data"
"FBS","Food Balance Sheets","5000","World","5527","Seed","2517","Millet and products","2013","2013","1000 tonnes","684","A","Aggregate, may include official, semi-official, estimated or calculated data"
"FBS","Food Balance Sheets","5000","World","5123","Losses","2517","Millet and products","2013","2013","1000 tonnes","2277","A","Aggregate, may include official, semi-official, estimated or calculated data"
"FBS","Food Balance Sheets","5000","World","5142","Food","2517","Millet and products","2013","2013","1000 tonnes","23044","A","Aggregate, may include official, semi-official, estimated or calculated data"
"FBS","Food Balance Sheets","5000","World","645","Food supply quantity (kg/capita/yr)","2517","Millet and products","2013","2013","kg","3.29","Fc","Calculated data"
"FBS","Food Balance Sheets","5000","World","664","Food supply (kcal/capita/day)","2517","Millet and products","2013","2013","kcal/capita/day","27","Fc","Calculated data"
"FBS","Food Balance Sheets","5000","World","5527","Seed","2518","Sorghum and products","2013","2013","1000 tonnes","791","A","Aggregate, may include official, semi-official, estimated or calculated data"
"FBS","Food Balance Sheets","5000","World","5123","Losses","2518","Sorghum and products","2013","2013","1000 tonnes","2744","A","Aggregate, may include official, semi-official, estimated or calculated data"
"FBS","Food Balance Sheets","5000","World","5142","Food","2518","Sorghum and products","2013","2013","1000 tonnes","24151","A","Aggregate, may include official, semi-official, estimated or calculated data"
"FBS","Food Balance Sheets","5000","World","645","Food supply quantity (kg/capita/yr)","2518","Sorghum and products","2013","2013","kg","3.45","Fc","Calculated data"
"FBS","Food Balance Sheets","5000","World","664","Food supply (kcal/capita/day)","2518","Sorghum and products","2013","2013","kcal/capita/day","28","Fc","Calculated data"
"FBS","Food Balance Sheets","5000","World","5527","Seed","2520","Cereals, Other","2013","2013","1000 tonnes","1205","A","Aggregate, may include official, semi-official, estimated or calculated data"
"FBS","Food Balance Sheets","5000","World","5123","Losses","2520","Cereals, Other","2013","2013","1000 tonnes","785","A","Aggregate, may include official, semi-official, estimated or calculated data"
"FBS","Food Balance Sheets","5000","World","5142","Food","2520","Cereals, Other","2013","2013","1000 tonnes","5326","A","Aggregate, may include official, semi-official, estimated or calculated data"
"FBS","Food Balance Sheets","5000","World","645","Food supply quantity (kg/capita/yr)","2520","Cereals, Other","2013","2013","kg","0.76","Fc","Calculated data"
"FBS","Food Balance Sheets","5000","World","664","Food supply (kcal/capita/day)","2520","Cereals, Other","2013","2013","kcal/capita/day","6","Fc","Calculated data"
"FBS","Food Balance Sheets","5000","World","5527","Seed","2907","Starchy Roots","2013","2013","1000 tonnes","35125","A","Aggregate, may include official, semi-official, estimated or calculated data"
"FBS","Food Balance Sheets","5000","World","5123","Losses","2907","Starchy Roots","2013","2013","1000 tonnes","82452","A","Aggregate, may include official, semi-official, estimated or calculated data"
"FBS","Food Balance Sheets","5000","World","5142","Food","2907","Starchy Roots","2013","2013","1000 tonnes","443353","A","Aggregate, may include official, semi-official, estimated or calculated data"
"FBS","Food Balance Sheets","5000","World","645","Food supply quantity (kg/capita/yr)","2907","Starchy Roots","2013","2013","kg","63.36","Fc","Calculated data"
"FBS","Food Balance Sheets","5000","World","664","Food supply (kcal/capita/day)","2907","Starchy Roots","2013","2013","kcal/capita/day","141","Fc","Calculated data"
"FBS","Food Balance Sheets","5000","World","5527","Seed","2532","Cassava and products","2013","2013","1000 tonnes","0","A","Aggregate, may include official, semi-official, estimated or calculated data"
"FBS","Food Balance Sheets","5000","World","5123","Losses","2532","Cassava and products","2013","2013","1000 tonnes","30539","A","Aggregate, may include official, semi-official, estimated or calculated data"
"FBS","Food Balance Sheets","5000","World","5142","Food","2532","Cassava and products","2013","2013","1000 tonnes","100637","A","Aggregate, may include official, semi-official, estimated or calculated data"
"FBS","Food Balance Sheets","5000","World","645","Food supply quantity (kg/capita/yr)","2532","Cassava and products","2013","2013","kg","14.38","Fc","Calculated data"
"FBS","Food Balance Sheets","5000","World","664","Food supply (kcal/capita/day)","2532","Cassava and products","2013","2013","kcal/capita/day","37","Fc","Calculated data"
"FBS","Food Balance Sheets","5000","World","5527","Seed","2531","Potatoes and products","2013","2013","1000 tonnes","32200","A","Aggregate, may include official, semi-official, estimated or calculated data"
"FBS","Food Balance Sheets","5000","World","5123","Losses","2531","Potatoes and products","2013","2013","1000 tonnes","35455","A","Aggregate, may include official, semi-official, estimated or calculated data"
"FBS","Food Balance Sheets","5000","World","5142","Food","2531","Potatoes and products","2013","2013","1000 tonnes","239075","A","Aggregate, may include official, semi-official, estimated or calculated data"
"FBS","Food Balance Sheets","5000","World","645","Food supply quantity (kg/capita/yr)","2531","Potatoes and products","2013","2013","kg","34.17","Fc","Calculated data"
"FBS","Food Balance Sheets","5000","World","664","Food supply (kcal/capita/day)","2531","Potatoes and products","2013","2013","kcal/capita/day","64","Fc","Calculated data"
"FBS","Food Balance Sheets","5000","World","5527","Seed","2533","Sweet potatoes","2013","2013","1000 tonnes","594","A","Aggregate, may include official, semi-official, estimated or calculated data"
"FBS","Food Balance Sheets","5000","World","5123","Losses","2533","Sweet potatoes","2013","2013","1000 tonnes","6432","A","Aggregate, may include official, semi-official, estimated or calculated data"
"FBS","Food Balance Sheets","5000","World","5142","Food","2533","Sweet potatoes","2013","2013","1000 tonnes","57061","A","Aggregate, may include official, semi-official, estimated or calculated data"
"FBS","Food Balance Sheets","5000","World","645","Food supply quantity (kg/capita/yr)","2533","Sweet potatoes","2013","2013","kg","8.15","Fc","Calculated data"
"FBS","Food Balance Sheets","5000","World","664","Food supply (kcal/capita/day)","2533","Sweet potatoes","2013","2013","kcal/capita/day","22","Fc","Calculated data"
"FBS","Food Balance Sheets","5000","World","5527","Seed","2535","Yams","2013","2013","1000 tonnes","2208","A","Aggregate, may include official, semi-official, estimated or calculated data"
"FBS","Food Balance Sheets","5000","World","5123","Losses","2535","Yams","2013","2013","1000 tonnes","6764","A","Aggregate, may include official, semi-official, estimated or calculated data"
"FBS","Food Balance Sheets","5000","World","5142","Food","2535","Yams","2013","2013","1000 tonnes","32512","A","Aggregate, may include official, semi-official, estimated or calculated data"
"FBS","Food Balance Sheets","5000","World","645","Food supply quantity (kg/capita/yr)","2535","Yams","2013","2013","kg","4.65","Fc","Calculated data"
"FBS","Food Balance Sheets","5000","World","664","Food supply (kcal/capita/day)","2535","Yams","2013","2013","kcal/capita/day","13","Fc","Calculated data"
"FBS","Food Balance Sheets","5000","World","5527","Seed","2534","Roots, Other","2013","2013","1000 tonnes","122","A","Aggregate, may include official, semi-official, estimated or calculated data"
"FBS","Food Balance Sheets","5000","World","5123","Losses","2534","Roots, Other","2013","2013","1000 tonnes","3262","A","Aggregate, may include official, semi-official, estimated or calculated data"
"FBS","Food Balance Sheets","5000","World","5142","Food","2534","Roots, Other","2013","2013","1000 tonnes","14068","A","Aggregate, may include official, semi-official, estimated or calculated data"
"FBS","Food Balance Sheets","5000","World","645","Food supply quantity (kg/capita/yr)","2534","Roots, Other","2013","2013","kg","2.01","Fc","Calculated data"
"FBS","Food Balance Sheets","5000","World","664","Food supply (kcal/capita/day)","2534","Roots, Other","2013","2013","kcal/capita/day","6","Fc","Calculated data"
"FBS","Food Balance Sheets","5000","World","5527","Seed","2908","Sugar Crops","2013","2013","1000 tonnes","29361","A","Aggregate, may include official, semi-official, estimated or calculated data"
"FBS","Food Balance Sheets","5000","World","5123","Losses","2908","Sugar Crops","2013","2013","1000 tonnes","69969","A","Aggregate, may include official, semi-official, estimated or calculated data"
"FBS","Food Balance Sheets","5000","World","5142","Food","2908","Sugar Crops","2013","2013","1000 tonnes","32246","A","Aggregate, may include official, semi-official, estimated or calculated data"
"FBS","Food Balance Sheets","5000","World","645","Food supply quantity (kg/capita/yr)","2908","Sugar Crops","2013","2013","kg","4.61","Fc","Calculated data"
"FBS","Food Balance Sheets","5000","World","664","Food supply (kcal/capita/day)","2908","Sugar Crops","2013","2013","kcal/capita/day","4","Fc","Calculated data"
"FBS","Food Balance Sheets","5000","World","5527","Seed","2536","Sugar cane","2013","2013","1000 tonnes","29361","A","Aggregate, may include official, semi-official, estimated or calculated data"
"FBS","Food Balance Sheets","5000","World","5123","Losses","2536","Sugar cane","2013","2013","1000 tonnes","69428","A","Aggregate, may include official, semi-official, estimated or calculated data"
"FBS","Food Balance Sheets","5000","World","5142","Food","2536","Sugar cane","2013","2013","1000 tonnes","32189","A","Aggregate, may include official, semi-official, estimated or calculated data"
"FBS","Food Balance Sheets","5000","World","645","Food supply quantity (kg/capita/yr)","2536","Sugar cane","2013","2013","kg","4.6","Fc","Calculated data"
"FBS","Food Balance Sheets","5000","World","664","Food supply (kcal/capita/day)","2536","Sugar cane","2013","2013","kcal/capita/day","4","Fc","Calculated data"
"FBS","Food Balance Sheets","5000","World","5123","Losses","2537","Sugar beet","2013","2013","1000 tonnes","541","A","Aggregate, may include official, semi-official, estimated or calculated data"
"FBS","Food Balance Sheets","5000","World","5142","Food","2537","Sugar beet","2013","2013","1000 tonnes","57","A","Aggregate, may include official, semi-official, estimated or calculated data"
"FBS","Food Balance Sheets","5000","World","645","Food supply quantity (kg/capita/yr)","2537","Sugar beet","2013","2013","kg","0.01","Fc","Calculated data"
"FBS","Food Balance Sheets","5000","World","664","Food supply (kcal/capita/day)","2537","Sugar beet","2013","2013","kcal/capita/day","0","Fc","Calculated data"
"FBS","Food Balance Sheets","5000","World","5527","Seed","2909","Sugar & Sweeteners","2013","2013","1000 tonnes","0","A","Aggregate, may include official, semi-official, estimated or calculated data"
"FBS","Food Balance Sheets","5000","World","5123","Losses","2909","Sugar & Sweeteners","2013","2013","1000 tonnes","267","A","Aggregate, may include official, semi-official, estimated or calculated data"
"FBS","Food Balance Sheets","5000","World","5142","Food","2909","Sugar & Sweeteners","2013","2013","1000 tonnes","172912","A","Aggregate, may include official, semi-official, estimated or calculated data"
"FBS","Food Balance Sheets","5000","World","645","Food supply quantity (kg/capita/yr)","2909","Sugar & Sweeteners","2013","2013","kg","24.71","Fc","Calculated data"
"FBS","Food Balance Sheets","5000","World","664","Food supply (kcal/capita/day)","2909","Sugar & Sweeteners","2013","2013","kcal/capita/day","236","Fc","Calculated data"
"FBS","Food Balance Sheets","5000","World","5123","Losses","2541","Sugar non-centrifugal","2013","2013","1000 tonnes","27","A","Aggregate, may include official, semi-official, estimated or calculated data"
"FBS","Food Balance Sheets","5000","World","5142","Food","2541","Sugar non-centrifugal","2013","2013","1000 tonnes","6777","A","Aggregate, may include official, semi-official, estimated or calculated data"
"FBS","Food Balance Sheets","5000","World","645","Food supply quantity (kg/capita/yr)","2541","Sugar non-centrifugal","2013","2013","kg","0.97","Fc","Calculated data"
"FBS","Food Balance Sheets","5000","World","664","Food supply (kcal/capita/day)","2541","Sugar non-centrifugal","2013","2013","kcal/capita/day","9","Fc","Calculated data"
"FBS","Food Balance Sheets","5000","World","5123","Losses","2542","Sugar (Raw Equivalent)","2013","2013","1000 tonnes","240","A","Aggregate, may include official, semi-official, estimated or calculated data"
"FBS","Food Balance Sheets","5000","World","5142","Food","2542","Sugar (Raw Equivalent)","2013","2013","1000 tonnes","143645","A","Aggregate, may include official, semi-official, estimated or calculated data"
"FBS","Food Balance Sheets","5000","World","645","Food supply quantity (kg/capita/yr)","2542","Sugar (Raw Equivalent)","2013","2013","kg","20.53","Fc","Calculated data"
"FBS","Food Balance Sheets","5000","World","664","Food supply (kcal/capita/day)","2542","Sugar (Raw Equivalent)","2013","2013","kcal/capita/day","200","Fc","Calculated data"
"FBS","Food Balance Sheets","5000","World","5527","Seed","2543","Sweeteners, Other","2013","2013","1000 tonnes","0","A","Aggregate, may include official, semi-official, estimated or calculated data"
"FBS","Food Balance Sheets","5000","World","5123","Losses","2543","Sweeteners, Other","2013","2013","1000 tonnes","0","A","Aggregate, may include official, semi-official, estimated or calculated data"
"FBS","Food Balance Sheets","5000","World","5142","Food","2543","Sweeteners, Other","2013","2013","1000 tonnes","20821","A","Aggregate, may include official, semi-official, estimated or calculated data"
"FBS","Food Balance Sheets","5000","World","645","Food supply quantity (kg/capita/yr)","2543","Sweeteners, Other","2013","2013","kg","2.98","Fc","Calculated data"
"FBS","Food Balance Sheets","5000","World","664","Food supply (kcal/capita/day)","2543","Sweeteners, Other","2013","2013","kcal/capita/day","24","Fc","Calculated data"
"FBS","Food Balance Sheets","5000","World","5142","Food","2745","Honey","2013","2013","1000 tonnes","1669","A","Aggregate, may include official, semi-official, estimated or calculated data"
"FBS","Food Balance Sheets","5000","World","645","Food supply quantity (kg/capita/yr)","2745","Honey","2013","2013","kg","0.24","Fc","Calculated data"
"FBS","Food Balance Sheets","5000","World","664","Food supply (kcal/capita/day)","2745","Honey","2013","2013","kcal/capita/day","2","Fc","Calculated data"
"FBS","Food Balance Sheets","5000","World","5527","Seed","2911","Pulses","2013","2013","1000 tonnes","4103","A","Aggregate, may include official, semi-official, estimated or calculated data"
"FBS","Food Balance Sheets","5000","World","5123","Losses","2911","Pulses","2013","2013","1000 tonnes","3607","A","Aggregate, may include official, semi-official, estimated or calculated data"
"FBS","Food Balance Sheets","5000","World","5142","Food","2911","Pulses","2013","2013","1000 tonnes","50467","A","Aggregate, may include official, semi-official, estimated or calculated data"
"FBS","Food Balance Sheets","5000","World","645","Food supply quantity (kg/capita/yr)","2911","Pulses","2013","2013","kg","7.21","Fc","Calculated data"
"FBS","Food Balance Sheets","5000","World","664","Food supply (kcal/capita/day)","2911","Pulses","2013","2013","kcal/capita/day","68","Fc","Calculated data"
"FBS","Food Balance Sheets","5000","World","5527","Seed","2546","Beans","2013","2013","1000 tonnes","1227","A","Aggregate, may include official, semi-official, estimated or calculated data"
"FBS","Food Balance Sheets","5000","World","5123","Losses","2546","Beans","2013","2013","1000 tonnes","1246","A","Aggregate, may include official, semi-official, estimated or calculated data"
"FBS","Food Balance Sheets","5000","World","5142","Food","2546","Beans","2013","2013","1000 tonnes","17416","A","Aggregate, may include official, semi-official, estimated or calculated data"
"FBS","Food Balance Sheets","5000","World","645","Food supply quantity (kg/capita/yr)","2546","Beans","2013","2013","kg","2.49","Fc","Calculated data"
"FBS","Food Balance Sheets","5000","World","664","Food supply (kcal/capita/day)","2546","Beans","2013","2013","kcal/capita/day","23","Fc","Calculated data"
"FBS","Food Balance Sheets","5000","World","5527","Seed","2547","Peas","2013","2013","1000 tonnes","842","A","Aggregate, may include official, semi-official, estimated or calculated data"
"FBS","Food Balance Sheets","5000","World","5123","Losses","2547","Peas","2013","2013","1000 tonnes","429","A","Aggregate, may include official, semi-official, estimated or calculated data"
"FBS","Food Balance Sheets","5000","World","5142","Food","2547","Peas","2013","2013","1000 tonnes","5833","A","Aggregate, may include official, semi-official, estimated or calculated data"
"FBS","Food Balance Sheets","5000","World","645","Food supply quantity (kg/capita/yr)","2547","Peas","2013","2013","kg","0.83","Fc","Calculated data"
"FBS","Food Balance Sheets","5000","World","664","Food supply (kcal/capita/day)","2547","Peas","2013","2013","kcal/capita/day","8","Fc","Calculated data"
"FBS","Food Balance Sheets","5000","World","5527","Seed","2549","Pulses, Other and products","2013","2013","1000 tonnes","2034","A","Aggregate, may include official, semi-official, estimated or calculated data"
"FBS","Food Balance Sheets","5000","World","5123","Losses","2549","Pulses, Other and products","2013","2013","1000 tonnes","1932","A","Aggregate, may include official, semi-official, estimated or calculated data"
"FBS","Food Balance Sheets","5000","World","5142","Food","2549","Pulses, Other and products","2013","2013","1000 tonnes","27217","A","Aggregate, may include official, semi-official, estimated or calculated data"
"FBS","Food Balance Sheets","5000","World","645","Food supply quantity (kg/capita/yr)","2549","Pulses, Other and products","2013","2013","kg","3.89","Fc","Calculated data"
"FBS","Food Balance Sheets","5000","World","664","Food supply (kcal/capita/day)","2549","Pulses, Other and products","2013","2013","kcal/capita/day","37","Fc","Calculated data"
"FBS","Food Balance Sheets","5000","World","5527","Seed","2912","Treenuts","2013","2013","1000 tonnes","0","A","Aggregate, may include official, semi-official, estimated or calculated data"
"FBS","Food Balance Sheets","5000","World","5123","Losses","2912","Treenuts","2013","2013","1000 tonnes","494","A","Aggregate, may include official, semi-official, estimated or calculated data"
"FBS","Food Balance Sheets","5000","World","5142","Food","2912","Treenuts","2013","2013","1000 tonnes","16408","A","Aggregate, may include official, semi-official, estimated or calculated data"
"FBS","Food Balance Sheets","5000","World","645","Food supply quantity (kg/capita/yr)","2912","Treenuts","2013","2013","kg","2.34","Fc","Calculated data"
"FBS","Food Balance Sheets","5000","World","664","Food supply (kcal/capita/day)","2912","Treenuts","2013","2013","kcal/capita/day","16","Fc","Calculated data"
"FBS","Food Balance Sheets","5000","World","5527","Seed","2551","Nuts and products","2013","2013","1000 tonnes","0","A","Aggregate, may include official, semi-official, estimated or calculated data"
"FBS","Food Balance Sheets","5000","World","5123","Losses","2551","Nuts and products","2013","2013","1000 tonnes","494","A","Aggregate, may include official, semi-official, estimated or calculated data"
"FBS","Food Balance Sheets","5000","World","5142","Food","2551","Nuts and products","2013","2013","1000 tonnes","16408","A","Aggregate, may include official, semi-official, estimated or calculated data"
"FBS","Food Balance Sheets","5000","World","645","Food supply quantity (kg/capita/yr)","2551","Nuts and products","2013","2013","kg","2.34","Fc","Calculated data"
"FBS","Food Balance Sheets","5000","World","664","Food supply (kcal/capita/day)","2551","Nuts and products","2013","2013","kcal/capita/day","16","Fc","Calculated data"
"FBS","Food Balance Sheets","5000","World","5527","Seed","2913","Oilcrops","2013","2013","1000 tonnes","11794","A","Aggregate, may include official, semi-official, estimated or calculated data"
"FBS","Food Balance Sheets","5000","World","5123","Losses","2913","Oilcrops","2013","2013","1000 tonnes","13269","A","Aggregate, may include official, semi-official, estimated or calculated data"
"FBS","Food Balance Sheets","5000","World","5142","Food","2913","Oilcrops","2013","2013","1000 tonnes","51909","A","Aggregate, may include official, semi-official, estimated or calculated data"
"FBS","Food Balance Sheets","5000","World","645","Food supply quantity (kg/capita/yr)","2913","Oilcrops","2013","2013","kg","7.42","Fc","Calculated data"
"FBS","Food Balance Sheets","5000","World","664","Food supply (kcal/capita/day)","2913","Oilcrops","2013","2013","kcal/capita/day","60","Fc","Calculated data"
"FBS","Food Balance Sheets","5000","World","5527","Seed","2555","Soyabeans","2013","2013","1000 tonnes","7404","A","Aggregate, may include official, semi-official, estimated or calculated data"
"FBS","Food Balance Sheets","5000","World","5123","Losses","2555","Soyabeans","2013","2013","1000 tonnes","3974","A","Aggregate, may include official, semi-official, estimated or calculated data"
"FBS","Food Balance Sheets","5000","World","5142","Food","2555","Soyabeans","2013","2013","1000 tonnes","10649","A","Aggregate, may include official, semi-official, estimated or calculated data"
"FBS","Food Balance Sheets","5000","World","645","Food supply quantity (kg/capita/yr)","2555","Soyabeans","2013","2013","kg","1.52","Fc","Calculated data"
"FBS","Food Balance Sheets","5000","World","664","Food supply (kcal/capita/day)","2555","Soyabeans","2013","2013","kcal/capita/day","14","Fc","Calculated data"
"FBS","Food Balance Sheets","5000","World","5527","Seed","2556","Groundnuts (Shelled Eq)","2013","2013","1000 tonnes","1298","A","Aggregate, may include official, semi-official, estimated or calculated data"
"FBS","Food Balance Sheets","5000","World","5123","Losses","2556","Groundnuts (Shelled Eq)","2013","2013","1000 tonnes","1306","A","Aggregate, may include official, semi-official, estimated or calculated data"
"FBS","Food Balance Sheets","5000","World","5142","Food","2556","Groundnuts (Shelled Eq)","2013","2013","1000 tonnes","12213","A","Aggregate, may include official, semi-official, estimated or calculated data"
"FBS","Food Balance Sheets","5000","World","645","Food supply quantity (kg/capita/yr)","2556","Groundnuts (Shelled Eq)","2013","2013","kg","1.75","Fc","Calculated data"
"FBS","Food Balance Sheets","5000","World","664","Food supply (kcal/capita/day)","2556","Groundnuts (Shelled Eq)","2013","2013","kcal/capita/day","25","Fc","Calculated data"
"FBS","Food Balance Sheets","5000","World","5527","Seed","2557","Sunflower seed","2013","2013","1000 tonnes","668","A","Aggregate, may include official, semi-official, estimated or calculated data"
"FBS","Food Balance Sheets","5000","World","5123","Losses","2557","Sunflower seed","2013","2013","1000 tonnes","1279","A","Aggregate, may include official, semi-official, estimated or calculated data"
"FBS","Food Balance Sheets","5000","World","5142","Food","2557","Sunflower seed","2013","2013","1000 tonnes","561","A","Aggregate, may include official, semi-official, estimated or calculated data"
"FBS","Food Balance Sheets","5000","World","645","Food supply quantity (kg/capita/yr)","2557","Sunflower seed","2013","2013","kg","0.08","Fc","Calculated data"
"FBS","Food Balance Sheets","5000","World","664","Food supply (kcal/capita/day)","2557","Sunflower seed","2013","2013","kcal/capita/day","1","Fc","Calculated data"
"FBS","Food Balance Sheets","5000","World","5527","Seed","2558","Rape and Mustardseed","2013","2013","1000 tonnes","697","A","Aggregate, may include official, semi-official, estimated or calculated data"
"FBS","Food Balance Sheets","5000","World","5123","Losses","2558","Rape and Mustardseed","2013","2013","1000 tonnes","1839","A","Aggregate, may include official, semi-official, estimated or calculated data"
"FBS","Food Balance Sheets","5000","World","5142","Food","2558","Rape and Mustardseed","2013","2013","1000 tonnes","1051","A","Aggregate, may include official, semi-official, estimated or calculated data"
"FBS","Food Balance Sheets","5000","World","645","Food supply quantity (kg/capita/yr)","2558","Rape and Mustardseed","2013","2013","kg","0","Fc","Calculated data"
"FBS","Food Balance Sheets","5000","World","664","Food supply (kcal/capita/day)","2558","Rape and Mustardseed","2013","2013","kcal/capita/day","2","Fc","Calculated data"
"FBS","Food Balance Sheets","5000","World","5527","Seed","2559","Cottonseed","2013","2013","1000 tonnes","1261","A","Aggregate, may include official, semi-official, estimated or calculated data"
"FBS","Food Balance Sheets","5000","World","5123","Losses","2559","Cottonseed","2013","2013","1000 tonnes","1174","A","Aggregate, may include official, semi-official, estimated or calculated data"
"FBS","Food Balance Sheets","5000","World","5142","Food","2559","Cottonseed","2013","2013","1000 tonnes","0","A","Aggregate, may include official, semi-official, estimated or calculated data"
"FBS","Food Balance Sheets","5000","World","645","Food supply quantity (kg/capita/yr)","2559","Cottonseed","2013","2013","kg","0","Fc","Calculated data"
"FBS","Food Balance Sheets","5000","World","664","Food supply (kcal/capita/day)","2559","Cottonseed","2013","2013","kcal/capita/day","0","Fc","Calculated data"
"FBS","Food Balance Sheets","5000","World","5527","Seed","2560","Coconuts - Incl Copra","2013","2013","1000 tonnes","154","A","Aggregate, may include official, semi-official, estimated or calculated data"
"FBS","Food Balance Sheets","5000","World","5123","Losses","2560","Coconuts - Incl Copra","2013","2013","1000 tonnes","2847","A","Aggregate, may include official, semi-official, estimated or calculated data"
"FBS","Food Balance Sheets","5000","World","5142","Food","2560","Coconuts - Incl Copra","2013","2013","1000 tonnes","22236","A","Aggregate, may include official, semi-official, estimated or calculated data"
"FBS","Food Balance Sheets","5000","World","645","Food supply quantity (kg/capita/yr)","2560","Coconuts - Incl Copra","2013","2013","kg","3.18","Fc","Calculated data"
"FBS","Food Balance Sheets","5000","World","664","Food supply (kcal/capita/day)","2560","Coconuts - Incl Copra","2013","2013","kcal/capita/day","12","Fc","Calculated data"
"FBS","Food Balance Sheets","5000","World","5527","Seed","2561","Sesame seed","2013","2013","1000 tonnes","81","A","Aggregate, may include official, semi-official, estimated or calculated data"
"FBS","Food Balance Sheets","5000","World","5123","Losses","2561","Sesame seed","2013","2013","1000 tonnes","167","A","Aggregate, may include official, semi-official, estimated or calculated data"
"FBS","Food Balance Sheets","5000","World","5142","Food","2561","Sesame seed","2013","2013","1000 tonnes","1439","A","Aggregate, may include official, semi-official, estimated or calculated data"
"FBS","Food Balance Sheets","5000","World","645","Food supply quantity (kg/capita/yr)","2561","Sesame seed","2013","2013","kg","0.21","Fc","Calculated data"
"FBS","Food Balance Sheets","5000","World","664","Food supply (kcal/capita/day)","2561","Sesame seed","2013","2013","kcal/capita/day","3","Fc","Calculated data"
"FBS","Food Balance Sheets","5000","World","5123","Losses","2562","Palm kernels","2013","2013","1000 tonnes","13","A","Aggregate, may include official, semi-official, estimated or calculated data"
"FBS","Food Balance Sheets","5000","World","5142","Food","2562","Palm kernels","2013","2013","1000 tonnes","8","A","Aggregate, may include official, semi-official, estimated or calculated data"
"FBS","Food Balance Sheets","5000","World","645","Food supply quantity (kg/capita/yr)","2562","Palm kernels","2013","2013","kg","0","Fc","Calculated data"
"FBS","Food Balance Sheets","5000","World","664","Food supply (kcal/capita/day)","2562","Palm kernels","2013","2013","kcal/capita/day","0","Fc","Calculated data"
"FBS","Food Balance Sheets","5000","World","5123","Losses","2563","Olives (including preserved)","2013","2013","1000 tonnes","246","A","Aggregate, may include official, semi-official, estimated or calculated data"
"FBS","Food Balance Sheets","5000","World","5142","Food","2563","Olives (including preserved)","2013","2013","1000 tonnes","2762","A","Aggregate, may include official, semi-official, estimated or calculated data"
"FBS","Food Balance Sheets","5000","World","645","Food supply quantity (kg/capita/yr)","2563","Olives (including preserved)","2013","2013","kg","0.39","Fc","Calculated data"
"FBS","Food Balance Sheets","5000","World","664","Food supply (kcal/capita/day)","2563","Olives (including preserved)","2013","2013","kcal/capita/day","1","Fc","Calculated data"
"FBS","Food Balance Sheets","5000","World","5527","Seed","2570","Oilcrops, Other","2013","2013","1000 tonnes","232","A","Aggregate, may include official, semi-official, estimated or calculated data"
"FBS","Food Balance Sheets","5000","World","5123","Losses","2570","Oilcrops, Other","2013","2013","1000 tonnes","424","A","Aggregate, may include official, semi-official, estimated or calculated data"
"FBS","Food Balance Sheets","5000","World","5142","Food","2570","Oilcrops, Other","2013","2013","1000 tonnes","991","A","Aggregate, may include official, semi-official, estimated or calculated data"
"FBS","Food Balance Sheets","5000","World","645","Food supply quantity (kg/capita/yr)","2570","Oilcrops, Other","2013","2013","kg","0.14","Fc","Calculated data"
"FBS","Food Balance Sheets","5000","World","664","Food supply (kcal/capita/day)","2570","Oilcrops, Other","2013","2013","kcal/capita/day","1","Fc","Calculated data"
"FBS","Food Balance Sheets","5000","World","5123","Losses","2914","Vegetable Oils","2013","2013","1000 tonnes","491","A","Aggregate, may include official, semi-official, estimated or calculated data"
"FBS","Food Balance Sheets","5000","World","5142","Food","2914","Vegetable Oils","2013","2013","1000 tonnes","79593","A","Aggregate, may include official, semi-official, estimated or calculated data"
"FBS","Food Balance Sheets","5000","World","645","Food supply quantity (kg/capita/yr)","2914","Vegetable Oils","2013","2013","kg","11.37","Fc","Calculated data"
"FBS","Food Balance Sheets","5000","World","664","Food supply (kcal/capita/day)","2914","Vegetable Oils","2013","2013","kcal/capita/day","271","Fc","Calculated data"
"FBS","Food Balance Sheets","5000","World","5123","Losses","2571","Soyabean Oil","2013","2013","1000 tonnes","148","A","Aggregate, may include official, semi-official, estimated or calculated data"
"FBS","Food Balance Sheets","5000","World","5142","Food","2571","Soyabean Oil","2013","2013","1000 tonnes","24343","A","Aggregate, may include official, semi-official, estimated or calculated data"
"FBS","Food Balance Sheets","5000","World","645","Food supply quantity (kg/capita/yr)","2571","Soyabean Oil","2013","2013","kg","3.48","Fc","Calculated data"
"FBS","Food Balance Sheets","5000","World","664","Food supply (kcal/capita/day)","2571","Soyabean Oil","2013","2013","kcal/capita/day","82","Fc","Calculated data"
"FBS","Food Balance Sheets","5000","World","5123","Losses","2572","Groundnut Oil","2013","2013","1000 tonnes","1","A","Aggregate, may include official, semi-official, estimated or calculated data"
"FBS","Food Balance Sheets","5000","World","5142","Food","2572","Groundnut Oil","2013","2013","1000 tonnes","3848","A","Aggregate, may include official, semi-official, estimated or calculated data"
"FBS","Food Balance Sheets","5000","World","645","Food supply quantity (kg/capita/yr)","2572","Groundnut Oil","2013","2013","kg","0.55","Fc","Calculated data"
"FBS","Food Balance Sheets","5000","World","664","Food supply (kcal/capita/day)","2572","Groundnut Oil","2013","2013","kcal/capita/day","13","Fc","Calculated data"
"FBS","Food Balance Sheets","5000","World","5123","Losses","2573","Sunflowerseed Oil","2013","2013","1000 tonnes","7","A","Aggregate, may include official, semi-official, estimated or calculated data"
"FBS","Food Balance Sheets","5000","World","5142","Food","2573","Sunflowerseed Oil","2013","2013","1000 tonnes","10193","A","Aggregate, may include official, semi-official, estimated or calculated data"
"FBS","Food Balance Sheets","5000","World","645","Food supply quantity (kg/capita/yr)","2573","Sunflowerseed Oil","2013","2013","kg","1.46","Fc","Calculated data"
"FBS","Food Balance Sheets","5000","World","664","Food supply (kcal/capita/day)","2573","Sunflowerseed Oil","2013","2013","kcal/capita/day","35","Fc","Calculated data"
"FBS","Food Balance Sheets","5000","World","5123","Losses","2574","Rape and Mustard Oil","2013","2013","1000 tonnes","3","A","Aggregate, may include official, semi-official, estimated or calculated data"
"FBS","Food Balance Sheets","5000","World","5142","Food","2574","Rape and Mustard Oil","2013","2013","1000 tonnes","9803","A","Aggregate, may include official, semi-official, estimated or calculated data"
"FBS","Food Balance Sheets","5000","World","645","Food supply quantity (kg/capita/yr)","2574","Rape and Mustard Oil","2013","2013","kg","1.4","Fc","Calculated data"
"FBS","Food Balance Sheets","5000","World","664","Food supply (kcal/capita/day)","2574","Rape and Mustard Oil","2013","2013","kcal/capita/day","34","Fc","Calculated data"
"FBS","Food Balance Sheets","5000","World","5123","Losses","2575","Cottonseed Oil","2013","2013","1000 tonnes","4","A","Aggregate, may include official, semi-official, estimated or calculated data"
"FBS","Food Balance Sheets","5000","World","5142","Food","2575","Cottonseed Oil","2013","2013","1000 tonnes","3940","A","Aggregate, may include official, semi-official, estimated or calculated data"
"FBS","Food Balance Sheets","5000","World","645","Food supply quantity (kg/capita/yr)","2575","Cottonseed Oil","2013","2013","kg","0.56","Fc","Calculated data"
"FBS","Food Balance Sheets","5000","World","664","Food supply (kcal/capita/day)","2575","Cottonseed Oil","2013","2013","kcal/capita/day","13","Fc","Calculated data"
"FBS","Food Balance Sheets","5000","World","5123","Losses","2576","Palmkernel Oil","2013","2013","1000 tonnes","26","A","Aggregate, may include official, semi-official, estimated or calculated data"
"FBS","Food Balance Sheets","5000","World","5142","Food","2576","Palmkernel Oil","2013","2013","1000 tonnes","1927","A","Aggregate, may include official, semi-official, estimated or calculated data"
"FBS","Food Balance Sheets","5000","World","645","Food supply quantity (kg/capita/yr)","2576","Palmkernel Oil","2013","2013","kg","0.28","Fc","Calculated data"
"FBS","Food Balance Sheets","5000","World","664","Food supply (kcal/capita/day)","2576","Palmkernel Oil","2013","2013","kcal/capita/day","7","Fc","Calculated data"
"FBS","Food Balance Sheets","5000","World","5123","Losses","2577","Palm Oil","2013","2013","1000 tonnes","295","A","Aggregate, may include official, semi-official, estimated or calculated data"
"FBS","Food Balance Sheets","5000","World","5142","Food","2577","Palm Oil","2013","2013","1000 tonnes","15212","A","Aggregate, may include official, semi-official, estimated or calculated data"
"FBS","Food Balance Sheets","5000","World","645","Food supply quantity (kg/capita/yr)","2577","Palm Oil","2013","2013","kg","2.17","Fc","Calculated data"
"FBS","Food Balance Sheets","5000","World","664","Food supply (kcal/capita/day)","2577","Palm Oil","2013","2013","kcal/capita/day","52","Fc","Calculated data"
"FBS","Food Balance Sheets","5000","World","5123","Losses","2578","Coconut Oil","2013","2013","1000 tonnes","1","A","Aggregate, may include official, semi-official, estimated or calculated data"
"FBS","Food Balance Sheets","5000","World","5142","Food","2578","Coconut Oil","2013","2013","1000 tonnes","2026","A","Aggregate, may include official, semi-official, estimated or calculated data"
"FBS","Food Balance Sheets","5000","World","645","Food supply quantity (kg/capita/yr)","2578","Coconut Oil","2013","2013","kg","0.29","Fc","Calculated data"
"FBS","Food Balance Sheets","5000","World","664","Food supply (kcal/capita/day)","2578","Coconut Oil","2013","2013","kcal/capita/day","7","Fc","Calculated data"
"FBS","Food Balance Sheets","5000","World","5123","Losses","2579","Sesameseed Oil","2013","2013","1000 tonnes","0","A","Aggregate, may include official, semi-official, estimated or calculated data"
"FBS","Food Balance Sheets","5000","World","5142","Food","2579","Sesameseed Oil","2013","2013","1000 tonnes","720","A","Aggregate, may include official, semi-official, estimated or calculated data"
"FBS","Food Balance Sheets","5000","World","645","Food supply quantity (kg/capita/yr)","2579","Sesameseed Oil","2013","2013","kg","0.1","Fc","Calculated data"
"FBS","Food Balance Sheets","5000","World","664","Food supply (kcal/capita/day)","2579","Sesameseed Oil","2013","2013","kcal/capita/day","2","Fc","Calculated data"
"FBS","Food Balance Sheets","5000","World","5142","Food","2580","Olive Oil","2013","2013","1000 tonnes","2779","A","Aggregate, may include official, semi-official, estimated or calculated data"
"FBS","Food Balance Sheets","5000","World","645","Food supply quantity (kg/capita/yr)","2580","Olive Oil","2013","2013","kg","0.4","Fc","Calculated data"
"FBS","Food Balance Sheets","5000","World","664","Food supply (kcal/capita/day)","2580","Olive Oil","2013","2013","kcal/capita/day","10","Fc","Calculated data"
"FBS","Food Balance Sheets","5000","World","5142","Food","2581","Ricebran Oil","2013","2013","1000 tonnes","845","A","Aggregate, may include official, semi-official, estimated or calculated data"
"FBS","Food Balance Sheets","5000","World","645","Food supply quantity (kg/capita/yr)","2581","Ricebran Oil","2013","2013","kg","0.12","Fc","Calculated data"
"FBS","Food Balance Sheets","5000","World","664","Food supply (kcal/capita/day)","2581","Ricebran Oil","2013","2013","kcal/capita/day","3","Fc","Calculated data"
"FBS","Food Balance Sheets","5000","World","5123","Losses","2582","Maize Germ Oil","2013","2013","1000 tonnes","4","A","Aggregate, may include official, semi-official, estimated or calculated data"
"FBS","Food Balance Sheets","5000","World","5142","Food","2582","Maize Germ Oil","2013","2013","1000 tonnes","2201","A","Aggregate, may include official, semi-official, estimated or calculated data"
"FBS","Food Balance Sheets","5000","World","645","Food supply quantity (kg/capita/yr)","2582","Maize Germ Oil","2013","2013","kg","0.31","Fc","Calculated data"
"FBS","Food Balance Sheets","5000","World","664","Food supply (kcal/capita/day)","2582","Maize Germ Oil","2013","2013","kcal/capita/day","8","Fc","Calculated data"
"FBS","Food Balance Sheets","5000","World","5123","Losses","2586","Oilcrops Oil, Other","2013","2013","1000 tonnes","1","A","Aggregate, may include official, semi-official, estimated or calculated data"
"FBS","Food Balance Sheets","5000","World","5142","Food","2586","Oilcrops Oil, Other","2013","2013","1000 tonnes","1755","A","Aggregate, may include official, semi-official, estimated or calculated data"
"FBS","Food Balance Sheets","5000","World","645","Food supply quantity (kg/capita/yr)","2586","Oilcrops Oil, Other","2013","2013","kg","0.25","Fc","Calculated data"
"FBS","Food Balance Sheets","5000","World","664","Food supply (kcal/capita/day)","2586","Oilcrops Oil, Other","2013","2013","kcal/capita/day","6","Fc","Calculated data"
"FBS","Food Balance Sheets","5000","World","5527","Seed","2918","Vegetables","2013","2013","1000 tonnes","114","A","Aggregate, may include official, semi-official, estimated or calculated data"
"FBS","Food Balance Sheets","5000","World","5123","Losses","2918","Vegetables","2013","2013","1000 tonnes","89719","A","Aggregate, may include official, semi-official, estimated or calculated data"
"FBS","Food Balance Sheets","5000","World","5142","Food","2918","Vegetables","2013","2013","1000 tonnes","982974","A","Aggregate, may include official, semi-official, estimated or calculated data"
"FBS","Food Balance Sheets","5000","World","645","Food supply quantity (kg/capita/yr)","2918","Vegetables","2013","2013","kg","140.48","Fc","Calculated data"
"FBS","Food Balance Sheets","5000","World","664","Food supply (kcal/capita/day)","2918","Vegetables","2013","2013","kcal/capita/day","95","Fc","Calculated data"
"FBS","Food Balance Sheets","5000","World","5123","Losses","2601","Tomatoes and products","2013","2013","1000 tonnes","13417","A","Aggregate, may include official, semi-official, estimated or calculated data"
"FBS","Food Balance Sheets","5000","World","5142","Food","2601","Tomatoes and products","2013","2013","1000 tonnes","144086","A","Aggregate, may include official, semi-official, estimated or calculated data"
"FBS","Food Balance Sheets","5000","World","645","Food supply quantity (kg/capita/yr)","2601","Tomatoes and products","2013","2013","kg","20.59","Fc","Calculated data"
"FBS","Food Balance Sheets","5000","World","664","Food supply (kcal/capita/day)","2601","Tomatoes and products","2013","2013","kcal/capita/day","11","Fc","Calculated data"
"FBS","Food Balance Sheets","5000","World","5527","Seed","2602","Onions","2013","2013","1000 tonnes","8","A","Aggregate, may include official, semi-official, estimated or calculated data"
"FBS","Food Balance Sheets","5000","World","5123","Losses","2602","Onions","2013","2013","1000 tonnes","6519","A","Aggregate, may include official, semi-official, estimated or calculated data"
"FBS","Food Balance Sheets","5000","World","5142","Food","2602","Onions","2013","2013","1000 tonnes","76757","A","Aggregate, may include official, semi-official, estimated or calculated data"
"FBS","Food Balance Sheets","5000","World","645","Food supply quantity (kg/capita/yr)","2602","Onions","2013","2013","kg","10.97","Fc","Calculated data"
"FBS","Food Balance Sheets","5000","World","664","Food supply (kcal/capita/day)","2602","Onions","2013","2013","kcal/capita/day","11","Fc","Calculated data"
"FBS","Food Balance Sheets","5000","World","5527","Seed","2605","Vegetables, Other","2013","2013","1000 tonnes","106","A","Aggregate, may include official, semi-official, estimated or calculated data"
"FBS","Food Balance Sheets","5000","World","5123","Losses","2605","Vegetables, Other","2013","2013","1000 tonnes","69783","A","Aggregate, may include official, semi-official, estimated or calculated data"
"FBS","Food Balance Sheets","5000","World","5142","Food","2605","Vegetables, Other","2013","2013","1000 tonnes","762131","A","Aggregate, may include official, semi-official, estimated or calculated data"
"FBS","Food Balance Sheets","5000","World","645","Food supply quantity (kg/capita/yr)","2605","Vegetables, Other","2013","2013","kg","108.92","Fc","Calculated data"
"FBS","Food Balance Sheets","5000","World","664","Food supply (kcal/capita/day)","2605","Vegetables, Other","2013","2013","kcal/capita/day","74","Fc","Calculated data"
"FBS","Food Balance Sheets","5000","World","5123","Losses","2919","Fruits - Excluding Wine","2013","2013","1000 tonnes","60356","A","Aggregate, may include official, semi-official, estimated or calculated data"
"FBS","Food Balance Sheets","5000","World","5142","Food","2919","Fruits - Excluding Wine","2013","2013","1000 tonnes","544877","A","Aggregate, may include official, semi-official, estimated or calculated data"
"FBS","Food Balance Sheets","5000","World","645","Food supply quantity (kg/capita/yr)","2919","Fruits - Excluding Wine","2013","2013","kg","77.87","Fc","Calculated data"
"FBS","Food Balance Sheets","5000","World","664","Food supply (kcal/capita/day)","2919","Fruits - Excluding Wine","2013","2013","kcal/capita/day","97","Fc","Calculated data"
"FBS","Food Balance Sheets","5000","World","5123","Losses","2611","Oranges, Mandarines","2013","2013","1000 tonnes","6894","A","Aggregate, may include official, semi-official, estimated or calculated data"
"FBS","Food Balance Sheets","5000","World","5142","Food","2611","Oranges, Mandarines","2013","2013","1000 tonnes","86693","A","Aggregate, may include official, semi-official, estimated or calculated data"
"FBS","Food Balance Sheets","5000","World","645","Food supply quantity (kg/capita/yr)","2611","Oranges, Mandarines","2013","2013","kg","12.39","Fc","Calculated data"
"FBS","Food Balance Sheets","5000","World","664","Food supply (kcal/capita/day)","2611","Oranges, Mandarines","2013","2013","kcal/capita/day","9","Fc","Calculated data"
"FBS","Food Balance Sheets","5000","World","5123","Losses","2612","Lemons, Limes and products","2013","2013","1000 tonnes","1424","A","Aggregate, may include official, semi-official, estimated or calculated data"
"FBS","Food Balance Sheets","5000","World","5142","Food","2612","Lemons, Limes and products","2013","2013","1000 tonnes","14192","A","Aggregate, may include official, semi-official, estimated or calculated data"
"FBS","Food Balance Sheets","5000","World","645","Food supply quantity (kg/capita/yr)","2612","Lemons, Limes and products","2013","2013","kg","2.03","Fc","Calculated data"
"FBS","Food Balance Sheets","5000","World","664","Food supply (kcal/capita/day)","2612","Lemons, Limes and products","2013","2013","kcal/capita/day","1","Fc","Calculated data"
"FBS","Food Balance Sheets","5000","World","5123","Losses","2613","Grapefruit and products","2013","2013","1000 tonnes","685","A","Aggregate, may include official, semi-official, estimated or calculated data"
"FBS","Food Balance Sheets","5000","World","5142","Food","2613","Grapefruit and products","2013","2013","1000 tonnes","8287","A","Aggregate, may include official, semi-official, estimated or calculated data"
"FBS","Food Balance Sheets","5000","World","645","Food supply quantity (kg/capita/yr)","2613","Grapefruit and products","2013","2013","kg","1.18","Fc","Calculated data"
"FBS","Food Balance Sheets","5000","World","664","Food supply (kcal/capita/day)","2613","Grapefruit and products","2013","2013","kcal/capita/day","1","Fc","Calculated data"
"FBS","Food Balance Sheets","5000","World","5123","Losses","2614","Citrus, Other","2013","2013","1000 tonnes","810","A","Aggregate, may include official, semi-official, estimated or calculated data"
"FBS","Food Balance Sheets","5000","World","5142","Food","2614","Citrus, Other","2013","2013","1000 tonnes","11366","A","Aggregate, may include official, semi-official, estimated or calculated data"
"FBS","Food Balance Sheets","5000","World","645","Food supply quantity (kg/capita/yr)","2614","Citrus, Other","2013","2013","kg","1.62","Fc","Calculated data"
"FBS","Food Balance Sheets","5000","World","664","Food supply (kcal/capita/day)","2614","Citrus, Other","2013","2013","kcal/capita/day","1","Fc","Calculated data"
"FBS","Food Balance Sheets","5000","World","5123","Losses","2615","Bananas","2013","2013","1000 tonnes","15294","A","Aggregate, may include official, semi-official, estimated or calculated data"
"FBS","Food Balance Sheets","5000","World","5142","Food","2615","Bananas","2013","2013","1000 tonnes","85948","A","Aggregate, may include official, semi-official, estimated or calculated data"
"FBS","Food Balance Sheets","5000","World","645","Food supply quantity (kg/capita/yr)","2615","Bananas","2013","2013","kg","12.28","Fc","Calculated data"
"FBS","Food Balance Sheets","5000","World","664","Food supply (kcal/capita/day)","2615","Bananas","2013","2013","kcal/capita/day","21","Fc","Calculated data"
"FBS","Food Balance Sheets","5000","World","5123","Losses","2616","Plantains","2013","2013","1000 tonnes","3221","A","Aggregate, may include official, semi-official, estimated or calculated data"
"FBS","Food Balance Sheets","5000","World","5142","Food","2616","Plantains","2013","2013","1000 tonnes","22867","A","Aggregate, may include official, semi-official, estimated or calculated data"
"FBS","Food Balance Sheets","5000","World","645","Food supply quantity (kg/capita/yr)","2616","Plantains","2013","2013","kg","3.27","Fc","Calculated data"
"FBS","Food Balance Sheets","5000","World","664","Food supply (kcal/capita/day)","2616","Plantains","2013","2013","kcal/capita/day","8","Fc","Calculated data"
"FBS","Food Balance Sheets","5000","World","5123","Losses","2617","Apples and products","2013","2013","1000 tonnes","7028","A","Aggregate, may include official, semi-official, estimated or calculated data"
"FBS","Food Balance Sheets","5000","World","5142","Food","2617","Apples and products","2013","2013","1000 tonnes","70667","A","Aggregate, may include official, semi-official, estimated or calculated data"
"FBS","Food Balance Sheets","5000","World","645","Food supply quantity (kg/capita/yr)","2617","Apples and products","2013","2013","kg","10.1","Fc","Calculated data"
"FBS","Food Balance Sheets","5000","World","664","Food supply (kcal/capita/day)","2617","Apples and products","2013","2013","kcal/capita/day","12","Fc","Calculated data"
"FBS","Food Balance Sheets","5000","World","5123","Losses","2618","Pineapples and products","2013","2013","1000 tonnes","2746","A","Aggregate, may include official, semi-official, estimated or calculated data"
"FBS","Food Balance Sheets","5000","World","5142","Food","2618","Pineapples and products","2013","2013","1000 tonnes","20769","A","Aggregate, may include official, semi-official, estimated or calculated data"
"FBS","Food Balance Sheets","5000","World","645","Food supply quantity (kg/capita/yr)","2618","Pineapples and products","2013","2013","kg","2.97","Fc","Calculated data"
"FBS","Food Balance Sheets","5000","World","664","Food supply (kcal/capita/day)","2618","Pineapples and products","2013","2013","kcal/capita/day","3","Fc","Calculated data"
"FBS","Food Balance Sheets","5000","World","5123","Losses","2619","Dates","2013","2013","1000 tonnes","566","A","Aggregate, may include official, semi-official, estimated or calculated data"
"FBS","Food Balance Sheets","5000","World","5142","Food","2619","Dates","2013","2013","1000 tonnes","6501","A","Aggregate, may include official, semi-official, estimated or calculated data"
"FBS","Food Balance Sheets","5000","World","645","Food supply quantity (kg/capita/yr)","2619","Dates","2013","2013","kg","0.93","Fc","Calculated data"
"FBS","Food Balance Sheets","5000","World","664","Food supply (kcal/capita/day)","2619","Dates","2013","2013","kcal/capita/day","4","Fc","Calculated data"
"FBS","Food Balance Sheets","5000","World","5123","Losses","2620","Grapes and products (excl wine)","2013","2013","1000 tonnes","3637","A","Aggregate, may include official, semi-official, estimated or calculated data"
"FBS","Food Balance Sheets","5000","World","5142","Food","2620","Grapes and products (excl wine)","2013","2013","1000 tonnes","32107","A","Aggregate, may include official, semi-official, estimated or calculated data"
"FBS","Food Balance Sheets","5000","World","645","Food supply quantity (kg/capita/yr)","2620","Grapes and products (excl wine)","2013","2013","kg","4.59","Fc","Calculated data"
"FBS","Food Balance Sheets","5000","World","664","Food supply (kcal/capita/day)","2620","Grapes and products (excl wine)","2013","2013","kcal/capita/day","7","Fc","Calculated data"
"FBS","Food Balance Sheets","5000","World","5123","Losses","2625","Fruits, Other","2013","2013","1000 tonnes","18050","A","Aggregate, may include official, semi-official, estimated or calculated data"
"FBS","Food Balance Sheets","5000","World","5142","Food","2625","Fruits, Other","2013","2013","1000 tonnes","185479","A","Aggregate, may include official, semi-official, estimated or calculated data"
"FBS","Food Balance Sheets","5000","World","645","Food supply quantity (kg/capita/yr)","2625","Fruits, Other","2013","2013","kg","26.51","Fc","Calculated data"
"FBS","Food Balance Sheets","5000","World","664","Food supply (kcal/capita/day)","2625","Fruits, Other","2013","2013","kcal/capita/day","31","Fc","Calculated data"
"FBS","Food Balance Sheets","5000","World","5123","Losses","2922","Stimulants","2013","2013","1000 tonnes","385","A","Aggregate, may include official, semi-official, estimated or calculated data"
"FBS","Food Balance Sheets","5000","World","5142","Food","2922","Stimulants","2013","2013","1000 tonnes","18778","A","Aggregate, may include official, semi-official, estimated or calculated data"
"FBS","Food Balance Sheets","5000","World","645","Food supply quantity (kg/capita/yr)","2922","Stimulants","2013","2013","kg","2.68","Fc","Calculated data"
"FBS","Food Balance Sheets","5000","World","664","Food supply (kcal/capita/day)","2922","Stimulants","2013","2013","kcal/capita/day","7","Fc","Calculated data"
"FBS","Food Balance Sheets","5000","World","5123","Losses","2630","Coffee and products","2013","2013","1000 tonnes","113","A","Aggregate, may include official, semi-official, estimated or calculated data"
"FBS","Food Balance Sheets","5000","World","5142","Food","2630","Coffee and products","2013","2013","1000 tonnes","8099","A","Aggregate, may include official, semi-official, estimated or calculated data"
"FBS","Food Balance Sheets","5000","World","645","Food supply quantity (kg/capita/yr)","2630","Coffee and products","2013","2013","kg","1.16","Fc","Calculated data"
"FBS","Food Balance Sheets","5000","World","664","Food supply (kcal/capita/day)","2630","Coffee and products","2013","2013","kcal/capita/day","1","Fc","Calculated data"
"FBS","Food Balance Sheets","5000","World","5123","Losses","2633","Cocoa Beans and products","2013","2013","1000 tonnes","155","A","Aggregate, may include official, semi-official, estimated or calculated data"
"FBS","Food Balance Sheets","5000","World","5142","Food","2633","Cocoa Beans and products","2013","2013","1000 tonnes","4766","A","Aggregate, may include official, semi-official, estimated or calculated data"
"FBS","Food Balance Sheets","5000","World","645","Food supply quantity (kg/capita/yr)","2633","Cocoa Beans and products","2013","2013","kg","0.68","Fc","Calculated data"
"FBS","Food Balance Sheets","5000","World","664","Food supply (kcal/capita/day)","2633","Cocoa Beans and products","2013","2013","kcal/capita/day","5","Fc","Calculated data"
"FBS","Food Balance Sheets","5000","World","5123","Losses","2635","Tea (including mate)","2013","2013","1000 tonnes","116","A","Aggregate, may include official, semi-official, estimated or calculated data"
"FBS","Food Balance Sheets","5000","World","5142","Food","2635","Tea (including mate)","2013","2013","1000 tonnes","5913","A","Aggregate, may include official, semi-official, estimated or calculated data"
"FBS","Food Balance Sheets","5000","World","645","Food supply quantity (kg/capita/yr)","2635","Tea (including mate)","2013","2013","kg","0.85","Fc","Calculated data"
"FBS","Food Balance Sheets","5000","World","664","Food supply (kcal/capita/day)","2635","Tea (including mate)","2013","2013","kcal/capita/day","1","Fc","Calculated data"
"FBS","Food Balance Sheets","5000","World","5123","Losses","2923","Spices","2013","2013","1000 tonnes","242","A","Aggregate, may include official, semi-official, estimated or calculated data"
"FBS","Food Balance Sheets","5000","World","5142","Food","2923","Spices","2013","2013","1000 tonnes","8730","A","Aggregate, may include official, semi-official, estimated or calculated data"
"FBS","Food Balance Sheets","5000","World","645","Food supply quantity (kg/capita/yr)","2923","Spices","2013","2013","kg","1.25","Fc","Calculated data"
"FBS","Food Balance Sheets","5000","World","664","Food supply (kcal/capita/day)","2923","Spices","2013","2013","kcal/capita/day","11","Fc","Calculated data"
"FBS","Food Balance Sheets","5000","World","5123","Losses","2640","Pepper","2013","2013","1000 tonnes","8","A","Aggregate, may include official, semi-official, estimated or calculated data"
"FBS","Food Balance Sheets","5000","World","5142","Food","2640","Pepper","2013","2013","1000 tonnes","408","A","Aggregate, may include official, semi-official, estimated or calculated data"
"FBS","Food Balance Sheets","5000","World","645","Food supply quantity (kg/capita/yr)","2640","Pepper","2013","2013","kg","0.06","Fc","Calculated data"
"FBS","Food Balance Sheets","5000","World","664","Food supply (kcal/capita/day)","2640","Pepper","2013","2013","kcal/capita/day","0","Fc","Calculated data"
"FBS","Food Balance Sheets","5000","World","5123","Losses","2641","Pimento","2013","2013","1000 tonnes","138","A","Aggregate, may include official, semi-official, estimated or calculated data"
"FBS","Food Balance Sheets","5000","World","5142","Food","2641","Pimento","2013","2013","1000 tonnes","3149","A","Aggregate, may include official, semi-official, estimated or calculated data"
"FBS","Food Balance Sheets","5000","World","645","Food supply quantity (kg/capita/yr)","2641","Pimento","2013","2013","kg","0.45","Fc","Calculated data"
"FBS","Food Balance Sheets","5000","World","664","Food supply (kcal/capita/day)","2641","Pimento","2013","2013","kcal/capita/day","4","Fc","Calculated data"
"FBS","Food Balance Sheets","5000","World","5123","Losses","2642","Cloves","2013","2013","1000 tonnes","6","A","Aggregate, may include official, semi-official, estimated or calculated data"
"FBS","Food Balance Sheets","5000","World","5142","Food","2642","Cloves","2013","2013","1000 tonnes","53","A","Aggregate, may include official, semi-official, estimated or calculated data"
"FBS","Food Balance Sheets","5000","World","645","Food supply quantity (kg/capita/yr)","2642","Cloves","2013","2013","kg","0.01","Fc","Calculated data"
"FBS","Food Balance Sheets","5000","World","664","Food supply (kcal/capita/day)","2642","Cloves","2013","2013","kcal/capita/day","0","Fc","Calculated data"
"FBS","Food Balance Sheets","5000","World","5123","Losses","2645","Spices, Other","2013","2013","1000 tonnes","90","A","Aggregate, may include official, semi-official, estimated or calculated data"
"FBS","Food Balance Sheets","5000","World","5142","Food","2645","Spices, Other","2013","2013","1000 tonnes","5120","A","Aggregate, may include official, semi-official, estimated or calculated data"
"FBS","Food Balance Sheets","5000","World","645","Food supply quantity (kg/capita/yr)","2645","Spices, Other","2013","2013","kg","0.73","Fc","Calculated data"
"FBS","Food Balance Sheets","5000","World","664","Food supply (kcal/capita/day)","2645","Spices, Other","2013","2013","kcal/capita/day","7","Fc","Calculated data"
"FBS","Food Balance Sheets","5000","World","5123","Losses","2924","Alcoholic Beverages","2013","2013","1000 tonnes","1445","A","Aggregate, may include official, semi-official, estimated or calculated data"
"FBS","Food Balance Sheets","5000","World","5142","Food","2924","Alcoholic Beverages","2013","2013","1000 tonnes","260697","A","Aggregate, may include official, semi-official, estimated or calculated data"
"FBS","Food Balance Sheets","5000","World","645","Food supply quantity (kg/capita/yr)","2924","Alcoholic Beverages","2013","2013","kg","37.26","Fc","Calculated data"
"FBS","Food Balance Sheets","5000","World","664","Food supply (kcal/capita/day)","2924","Alcoholic Beverages","2013","2013","kcal/capita/day","69","Fc","Calculated data"
"FBS","Food Balance Sheets","5000","World","5123","Losses","2655","Wine","2013","2013","1000 tonnes","283","A","Aggregate, may include official, semi-official, estimated or calculated data"
"FBS","Food Balance Sheets","5000","World","5142","Food","2655","Wine","2013","2013","1000 tonnes","22991","A","Aggregate, may include official, semi-official, estimated or calculated data"
"FBS","Food Balance Sheets","5000","World","645","Food supply quantity (kg/capita/yr)","2655","Wine","2013","2013","kg","3.29","Fc","Calculated data"
"FBS","Food Balance Sheets","5000","World","664","Food supply (kcal/capita/day)","2655","Wine","2013","2013","kcal/capita/day","6","Fc","Calculated data"
"FBS","Food Balance Sheets","5000","World","5123","Losses","2656","Beer","2013","2013","1000 tonnes","43","A","Aggregate, may include official, semi-official, estimated or calculated data"
"FBS","Food Balance Sheets","5000","World","5142","Food","2656","Beer","2013","2013","1000 tonnes","187050","A","Aggregate, may include official, semi-official, estimated or calculated data"
"FBS","Food Balance Sheets","5000","World","645","Food supply quantity (kg/capita/yr)","2656","Beer","2013","2013","kg","26.73","Fc","Calculated data"
"FBS","Food Balance Sheets","5000","World","664","Food supply (kcal/capita/day)","2656","Beer","2013","2013","kcal/capita/day","33","Fc","Calculated data"
"FBS","Food Balance Sheets","5000","World","5123","Losses","2657","Beverages, Fermented","2013","2013","1000 tonnes","1119","A","Aggregate, may include official, semi-official, estimated or calculated data"
"FBS","Food Balance Sheets","5000","World","5142","Food","2657","Beverages, Fermented","2013","2013","1000 tonnes","29406","A","Aggregate, may include official, semi-official, estimated or calculated data"
"FBS","Food Balance Sheets","5000","World","645","Food supply quantity (kg/capita/yr)","2657","Beverages, Fermented","2013","2013","kg","4.2","Fc","Calculated data"
"FBS","Food Balance Sheets","5000","World","664","Food supply (kcal/capita/day)","2657","Beverages, Fermented","2013","2013","kcal/capita/day","5","Fc","Calculated data"
"FBS","Food Balance Sheets","5000","World","5142","Food","2658","Beverages, Alcoholic","2013","2013","1000 tonnes","21250","A","Aggregate, may include official, semi-official, estimated or calculated data"
"FBS","Food Balance Sheets","5000","World","645","Food supply quantity (kg/capita/yr)","2658","Beverages, Alcoholic","2013","2013","kg","3.04","Fc","Calculated data"
"FBS","Food Balance Sheets","5000","World","664","Food supply (kcal/capita/day)","2658","Beverages, Alcoholic","2013","2013","kcal/capita/day","24","Fc","Calculated data"
"FBS","Food Balance Sheets","5000","World","5123","Losses","2943","Meat","2013","2013","1000 tonnes","1170","A","Aggregate, may include official, semi-official, estimated or calculated data"
"FBS","Food Balance Sheets","5000","World","5142","Food","2943","Meat","2013","2013","1000 tonnes","302411","A","Aggregate, may include official, semi-official, estimated or calculated data"
"FBS","Food Balance Sheets","5000","World","645","Food supply quantity (kg/capita/yr)","2943","Meat","2013","2013","kg","43.22","Fc","Calculated data"
"FBS","Food Balance Sheets","5000","World","664","Food supply (kcal/capita/day)","2943","Meat","2013","2013","kcal/capita/day","237","Fc","Calculated data"
"FBS","Food Balance Sheets","5000","World","5123","Losses","2731","Bovine Meat","2013","2013","1000 tonnes","465","A","Aggregate, may include official, semi-official, estimated or calculated data"
"FBS","Food Balance Sheets","5000","World","5142","Food","2731","Bovine Meat","2013","2013","1000 tonnes","65218","A","Aggregate, may include official, semi-official, estimated or calculated data"
"FBS","Food Balance Sheets","5000","World","645","Food supply quantity (kg/capita/yr)","2731","Bovine Meat","2013","2013","kg","9.32","Fc","Calculated data"
"FBS","Food Balance Sheets","5000","World","664","Food supply (kcal/capita/day)","2731","Bovine Meat","2013","2013","kcal/capita/day","40","Fc","Calculated data"
"FBS","Food Balance Sheets","5000","World","5123","Losses","2732","Mutton & Goat Meat","2013","2013","1000 tonnes","33","A","Aggregate, may include official, semi-official, estimated or calculated data"
"FBS","Food Balance Sheets","5000","World","5142","Food","2732","Mutton & Goat Meat","2013","2013","1000 tonnes","13387","A","Aggregate, may include official, semi-official, estimated or calculated data"
"FBS","Food Balance Sheets","5000","World","645","Food supply quantity (kg/capita/yr)","2732","Mutton & Goat Meat","2013","2013","kg","1.91","Fc","Calculated data"
"FBS","Food Balance Sheets","5000","World","664","Food supply (kcal/capita/day)","2732","Mutton & Goat Meat","2013","2013","kcal/capita/day","11","Fc","Calculated data"
"FBS","Food Balance Sheets","5000","World","5123","Losses","2733","Pigmeat","2013","2013","1000 tonnes","275","A","Aggregate, may include official, semi-official, estimated or calculated data"
"FBS","Food Balance Sheets","5000","World","5142","Food","2733","Pigmeat","2013","2013","1000 tonnes","112104","A","Aggregate, may include official, semi-official, estimated or calculated data"
"FBS","Food Balance Sheets","5000","World","645","Food supply quantity (kg/capita/yr)","2733","Pigmeat","2013","2013","kg","16.02","Fc","Calculated data"
"FBS","Food Balance Sheets","5000","World","664","Food supply (kcal/capita/day)","2733","Pigmeat","2013","2013","kcal/capita/day","124","Fc","Calculated data"
"FBS","Food Balance Sheets","5000","World","5123","Losses","2734","Poultry Meat","2013","2013","1000 tonnes","383","A","Aggregate, may include official, semi-official, estimated or calculated data"
"FBS","Food Balance Sheets","5000","World","5142","Food","2734","Poultry Meat","2013","2013","1000 tonnes","104874","A","Aggregate, may include official, semi-official, estimated or calculated data"
"FBS","Food Balance Sheets","5000","World","645","Food supply quantity (kg/capita/yr)","2734","Poultry Meat","2013","2013","kg","14.99","Fc","Calculated data"
"FBS","Food Balance Sheets","5000","World","664","Food supply (kcal/capita/day)","2734","Poultry Meat","2013","2013","kcal/capita/day","59","Fc","Calculated data"
"FBS","Food Balance Sheets","5000","World","5123","Losses","2735","Meat, Other","2013","2013","1000 tonnes","13","A","Aggregate, may include official, semi-official, estimated or calculated data"
"FBS","Food Balance Sheets","5000","World","5142","Food","2735","Meat, Other","2013","2013","1000 tonnes","6828","A","Aggregate, may include official, semi-official, estimated or calculated data"
"FBS","Food Balance Sheets","5000","World","645","Food supply quantity (kg/capita/yr)","2735","Meat, Other","2013","2013","kg","0.98","Fc","Calculated data"
"FBS","Food Balance Sheets","5000","World","664","Food supply (kcal/capita/day)","2735","Meat, Other","2013","2013","kcal/capita/day","3","Fc","Calculated data"
"FBS","Food Balance Sheets","5000","World","5123","Losses","2945","Offals","2013","2013","1000 tonnes","75","A","Aggregate, may include official, semi-official, estimated or calculated data"
"FBS","Food Balance Sheets","5000","World","5142","Food","2945","Offals","2013","2013","1000 tonnes","15670","A","Aggregate, may include official, semi-official, estimated or calculated data"
"FBS","Food Balance Sheets","5000","World","645","Food supply quantity (kg/capita/yr)","2945","Offals","2013","2013","kg","2.24","Fc","Calculated data"
"FBS","Food Balance Sheets","5000","World","664","Food supply (kcal/capita/day)","2945","Offals","2013","2013","kcal/capita/day","7","Fc","Calculated data"
"FBS","Food Balance Sheets","5000","World","5123","Losses","2736","Offals, Edible","2013","2013","1000 tonnes","75","A","Aggregate, may include official, semi-official, estimated or calculated data"
"FBS","Food Balance Sheets","5000","World","5142","Food","2736","Offals, Edible","2013","2013","1000 tonnes","15670","A","Aggregate, may include official, semi-official, estimated or calculated data"
"FBS","Food Balance Sheets","5000","World","645","Food supply quantity (kg/capita/yr)","2736","Offals, Edible","2013","2013","kg","2.24","Fc","Calculated data"
"FBS","Food Balance Sheets","5000","World","664","Food supply (kcal/capita/day)","2736","Offals, Edible","2013","2013","kcal/capita/day","7","Fc","Calculated data"
"FBS","Food Balance Sheets","5000","World","5123","Losses","2946","Animal fats","2013","2013","1000 tonnes","171","A","Aggregate, may include official, semi-official, estimated or calculated data"
"FBS","Food Balance Sheets","5000","World","5142","Food","2946","Animal fats","2013","2013","1000 tonnes","23232","A","Aggregate, may include official, semi-official, estimated or calculated data"
"FBS","Food Balance Sheets","5000","World","645","Food supply quantity (kg/capita/yr)","2946","Animal fats","2013","2013","kg","3.32","Fc","Calculated data"
"FBS","Food Balance Sheets","5000","World","664","Food supply (kcal/capita/day)","2946","Animal fats","2013","2013","kcal/capita/day","61","Fc","Calculated data"
"FBS","Food Balance Sheets","5000","World","5123","Losses","2740","Butter, Ghee","2013","2013","1000 tonnes","91","A","Aggregate, may include official, semi-official, estimated or calculated data"
"FBS","Food Balance Sheets","5000","World","5142","Food","2740","Butter, Ghee","2013","2013","1000 tonnes","9723","A","Aggregate, may include official, semi-official, estimated or calculated data"
"FBS","Food Balance Sheets","5000","World","645","Food supply quantity (kg/capita/yr)","2740","Butter, Ghee","2013","2013","kg","1.39","Fc","Calculated data"
"FBS","Food Balance Sheets","5000","World","664","Food supply (kcal/capita/day)","2740","Butter, Ghee","2013","2013","kcal/capita/day","30","Fc","Calculated data"
"FBS","Food Balance Sheets","5000","World","5123","Losses","2743","Cream","2013","2013","1000 tonnes","36","A","Aggregate, may include official, semi-official, estimated or calculated data"
"FBS","Food Balance Sheets","5000","World","5142","Food","2743","Cream","2013","2013","1000 tonnes","3025","A","Aggregate, may include official, semi-official, estimated or calculated data"
"FBS","Food Balance Sheets","5000","World","645","Food supply quantity (kg/capita/yr)","2743","Cream","2013","2013","kg","0.43","Fc","Calculated data"
"FBS","Food Balance Sheets","5000","World","664","Food supply (kcal/capita/day)","2743","Cream","2013","2013","kcal/capita/day","2","Fc","Calculated data"
"FBS","Food Balance Sheets","5000","World","5123","Losses","2737","Fats, Animals, Raw","2013","2013","1000 tonnes","44","A","Aggregate, may include official, semi-official, estimated or calculated data"
"FBS","Food Balance Sheets","5000","World","5142","Food","2737","Fats, Animals, Raw","2013","2013","1000 tonnes","10402","A","Aggregate, may include official, semi-official, estimated or calculated data"
"FBS","Food Balance Sheets","5000","World","645","Food supply quantity (kg/capita/yr)","2737","Fats, Animals, Raw","2013","2013","kg","1.49","Fc","Calculated data"
"FBS","Food Balance Sheets","5000","World","664","Food supply (kcal/capita/day)","2737","Fats, Animals, Raw","2013","2013","kcal/capita/day","29","Fc","Calculated data"
"FBS","Food Balance Sheets","5000","World","5142","Food","2781","Fish, Body Oil","2013","2013","1000 tonnes","68","A","Aggregate, may include official, semi-official, estimated or calculated data"
"FBS","Food Balance Sheets","5000","World","645","Food supply quantity (kg/capita/yr)","2781","Fish, Body Oil","2013","2013","kg","0.01","Fc","Calculated data"
"FBS","Food Balance Sheets","5000","World","664","Food supply (kcal/capita/day)","2781","Fish, Body Oil","2013","2013","kcal/capita/day","0","Fc","Calculated data"
"FBS","Food Balance Sheets","5000","World","5142","Food","2782","Fish, Liver Oil","2013","2013","1000 tonnes","14","A","Aggregate, may include official, semi-official, estimated or calculated data"
"FBS","Food Balance Sheets","5000","World","645","Food supply quantity (kg/capita/yr)","2782","Fish, Liver Oil","2013","2013","kg","0","Fc","Calculated data"
"FBS","Food Balance Sheets","5000","World","664","Food supply (kcal/capita/day)","2782","Fish, Liver Oil","2013","2013","kcal/capita/day","0","Fc","Calculated data"
"FBS","Food Balance Sheets","5000","World","5527","Seed","2949","Eggs","2013","2013","1000 tonnes","4934","A","Aggregate, may include official, semi-official, estimated or calculated data"
"FBS","Food Balance Sheets","5000","World","5123","Losses","2949","Eggs","2013","2013","1000 tonnes","3422","A","Aggregate, may include official, semi-official, estimated or calculated data"
"FBS","Food Balance Sheets","5000","World","5142","Food","2949","Eggs","2013","2013","1000 tonnes","64332","A","Aggregate, may include official, semi-official, estimated or calculated data"
"FBS","Food Balance Sheets","5000","World","645","Food supply quantity (kg/capita/yr)","2949","Eggs","2013","2013","kg","9.19","Fc","Calculated data"
"FBS","Food Balance Sheets","5000","World","664","Food supply (kcal/capita/day)","2949","Eggs","2013","2013","kcal/capita/day","36","Fc","Calculated data"
"FBS","Food Balance Sheets","5000","World","5527","Seed","2744","Eggs","2013","2013","1000 tonnes","4934","A","Aggregate, may include official, semi-official, estimated or calculated data"
"FBS","Food Balance Sheets","5000","World","5123","Losses","2744","Eggs","2013","2013","1000 tonnes","3422","A","Aggregate, may include official, semi-official, estimated or calculated data"
"FBS","Food Balance Sheets","5000","World","5142","Food","2744","Eggs","2013","2013","1000 tonnes","64332","A","Aggregate, may include official, semi-official, estimated or calculated data"
"FBS","Food Balance Sheets","5000","World","645","Food supply quantity (kg/capita/yr)","2744","Eggs","2013","2013","kg","9.19","Fc","Calculated data"
"FBS","Food Balance Sheets","5000","World","664","Food supply (kcal/capita/day)","2744","Eggs","2013","2013","kcal/capita/day","36","Fc","Calculated data"
"FBS","Food Balance Sheets","5000","World","5123","Losses","2948","Milk - Excluding Butter","2013","2013","1000 tonnes","19102","A","Aggregate, may include official, semi-official, estimated or calculated data"
"FBS","Food Balance Sheets","5000","World","5142","Food","2948","Milk - Excluding Butter","2013","2013","1000 tonnes","629745","A","Aggregate, may include official, semi-official, estimated or calculated data"
"FBS","Food Balance Sheets","5000","World","645","Food supply quantity (kg/capita/yr)","2948","Milk - Excluding Butter","2013","2013","kg","90","Fc","Calculated data"
"FBS","Food Balance Sheets","5000","World","664","Food supply (kcal/capita/day)","2948","Milk - Excluding Butter","2013","2013","kcal/capita/day","138","Fc","Calculated data"
"FBS","Food Balance Sheets","5000","World","5123","Losses","2848","Milk - Excluding Butter","2013","2013","1000 tonnes","19102","A","Aggregate, may include official, semi-official, estimated or calculated data"
"FBS","Food Balance Sheets","5000","World","5142","Food","2848","Milk - Excluding Butter","2013","2013","1000 tonnes","629745","A","Aggregate, may include official, semi-official, estimated or calculated data"
"FBS","Food Balance Sheets","5000","World","645","Food supply quantity (kg/capita/yr)","2848","Milk - Excluding Butter","2013","2013","kg","90","Fc","Calculated data"
"FBS","Food Balance Sheets","5000","World","664","Food supply (kcal/capita/day)","2848","Milk - Excluding Butter","2013","2013","kcal/capita/day","138","Fc","Calculated data"
"FBS","Food Balance Sheets","5000","World","5527","Seed","2960","Fish, Seafood","2013","2013","1000 tonnes","741","A","Aggregate, may include official, semi-official, estimated or calculated data"
"FBS","Food Balance Sheets","5000","World","5142","Food","2960","Fish, Seafood","2013","2013","1000 tonnes","132829","A","Aggregate, may include official, semi-official, estimated or calculated data"
"FBS","Food Balance Sheets","5000","World","645","Food supply quantity (kg/capita/yr)","2960","Fish, Seafood","2013","2013","kg","18.98","Fc","Calculated data"
"FBS","Food Balance Sheets","5000","World","664","Food supply (kcal/capita/day)","2960","Fish, Seafood","2013","2013","kcal/capita/day","34","Fc","Calculated data"
"FBS","Food Balance Sheets","5000","World","5527","Seed","2761","Freshwater Fish","2013","2013","1000 tonnes","120","A","Aggregate, may include official, semi-official, estimated or calculated data"
"FBS","Food Balance Sheets","5000","World","5142","Food","2761","Freshwater Fish","2013","2013","1000 tonnes","48636","A","Aggregate, may include official, semi-official, estimated or calculated data"
"FBS","Food Balance Sheets","5000","World","645","Food supply quantity (kg/capita/yr)","2761","Freshwater Fish","2013","2013","kg","6.95","Fc","Calculated data"
"FBS","Food Balance Sheets","5000","World","664","Food supply (kcal/capita/day)","2761","Freshwater Fish","2013","2013","kcal/capita/day","13","Fc","Calculated data"
"FBS","Food Balance Sheets","5000","World","5527","Seed","2762","Demersal Fish","2013","2013","1000 tonnes","320","A","Aggregate, may include official, semi-official, estimated or calculated data"
"FBS","Food Balance Sheets","5000","World","5142","Food","2762","Demersal Fish","2013","2013","1000 tonnes","20200","A","Aggregate, may include official, semi-official, estimated or calculated data"
"FBS","Food Balance Sheets","5000","World","645","Food supply quantity (kg/capita/yr)","2762","Demersal Fish","2013","2013","kg","2.89","Fc","Calculated data"
"FBS","Food Balance Sheets","5000","World","664","Food supply (kcal/capita/day)","2762","Demersal Fish","2013","2013","kcal/capita/day","6","Fc","Calculated data"
"FBS","Food Balance Sheets","5000","World","5527","Seed","2763","Pelagic Fish","2013","2013","1000 tonnes","149","A","Aggregate, may include official, semi-official, estimated or calculated data"
"FBS","Food Balance Sheets","5000","World","5142","Food","2763","Pelagic Fish","2013","2013","1000 tonnes","21682","A","Aggregate, may include official, semi-official, estimated or calculated data"
"FBS","Food Balance Sheets","5000","World","645","Food supply quantity (kg/capita/yr)","2763","Pelagic Fish","2013","2013","kg","3.1","Fc","Calculated data"
"FBS","Food Balance Sheets","5000","World","664","Food supply (kcal/capita/day)","2763","Pelagic Fish","2013","2013","kcal/capita/day","8","Fc","Calculated data"
"FBS","Food Balance Sheets","5000","World","5527","Seed","2764","Marine Fish, Other","2013","2013","1000 tonnes","4","A","Aggregate, may include official, semi-official, estimated or calculated data"
"FBS","Food Balance Sheets","5000","World","5142","Food","2764","Marine Fish, Other","2013","2013","1000 tonnes","8768","A","Aggregate, may include official, semi-official, estimated or calculated data"
"FBS","Food Balance Sheets","5000","World","645","Food supply quantity (kg/capita/yr)","2764","Marine Fish, Other","2013","2013","kg","1.25","Fc","Calculated data"
"FBS","Food Balance Sheets","5000","World","664","Food supply (kcal/capita/day)","2764","Marine Fish, Other","2013","2013","kcal/capita/day","2","Fc","Calculated data"
"FBS","Food Balance Sheets","5000","World","5527","Seed","2765","Crustaceans","2013","2013","1000 tonnes","110","A","Aggregate, may include official, semi-official, estimated or calculated data"
"FBS","Food Balance Sheets","5000","World","5142","Food","2765","Crustaceans","2013","2013","1000 tonnes","12506","A","Aggregate, may include official, semi-official, estimated or calculated data"
"FBS","Food Balance Sheets","5000","World","645","Food supply quantity (kg/capita/yr)","2765","Crustaceans","2013","2013","kg","1.79","Fc","Calculated data"
"FBS","Food Balance Sheets","5000","World","664","Food supply (kcal/capita/day)","2765","Crustaceans","2013","2013","kcal/capita/day","2","Fc","Calculated data"
"FBS","Food Balance Sheets","5000","World","5527","Seed","2766","Cephalopods","2013","2013","1000 tonnes","0","A","Aggregate, may include official, semi-official, estimated or calculated data"
"FBS","Food Balance Sheets","5000","World","5142","Food","2766","Cephalopods","2013","2013","1000 tonnes","3536","A","Aggregate, may include official, semi-official, estimated or calculated data"
"FBS","Food Balance Sheets","5000","World","645","Food supply quantity (kg/capita/yr)","2766","Cephalopods","2013","2013","kg","0.51","Fc","Calculated data"
"FBS","Food Balance Sheets","5000","World","664","Food supply (kcal/capita/day)","2766","Cephalopods","2013","2013","kcal/capita/day","1","Fc","Calculated data"
"FBS","Food Balance Sheets","5000","World","5527","Seed","2767","Molluscs, Other","2013","2013","1000 tonnes","38","A","Aggregate, may include official, semi-official, estimated or calculated data"
"FBS","Food Balance Sheets","5000","World","5142","Food","2767","Molluscs, Other","2013","2013","1000 tonnes","17501","A","Aggregate, may include official, semi-official, estimated or calculated data"
"FBS","Food Balance Sheets","5000","World","645","Food supply quantity (kg/capita/yr)","2767","Molluscs, Other","2013","2013","kg","2.5","Fc","Calculated data"
"FBS","Food Balance Sheets","5000","World","664","Food supply (kcal/capita/day)","2767","Molluscs, Other","2013","2013","kcal/capita/day","1","Fc","Calculated data"
"FBS","Food Balance Sheets","5000","World","5527","Seed","2961","Aquatic Products, Other","2013","2013","1000 tonnes","0","A","Aggregate, may include official, semi-official, estimated or calculated data"
"FBS","Food Balance Sheets","5000","World","5142","Food","2961","Aquatic Products, Other","2013","2013","1000 tonnes","15562","A","Aggregate, may include official, semi-official, estimated or calculated data"
"FBS","Food Balance Sheets","5000","World","645","Food supply quantity (kg/capita/yr)","2961","Aquatic Products, Other","2013","2013","kg","2.22","Fc","Calculated data"
"FBS","Food Balance Sheets","5000","World","664","Food supply (kcal/capita/day)","2961","Aquatic Products, Other","2013","2013","kcal/capita/day","2","Fc","Calculated data"
"FBS","Food Balance Sheets","5000","World","5142","Food","2768","Meat, Aquatic Mammals","2013","2013","1000 tonnes","0","A","Aggregate, may include official, semi-official, estimated or calculated data"
"FBS","Food Balance Sheets","5000","World","645","Food supply quantity (kg/capita/yr)","2768","Meat, Aquatic Mammals","2013","2013","kg","0","Fc","Calculated data"
"FBS","Food Balance Sheets","5000","World","664","Food supply (kcal/capita/day)","2768","Meat, Aquatic Mammals","2013","2013","kcal/capita/day","0","Fc","Calculated data"
"FBS","Food Balance Sheets","5000","World","5527","Seed","2769","Aquatic Animals, Others","2013","2013","1000 tonnes","0","A","Aggregate, may include official, semi-official, estimated or calculated data"
"FBS","Food Balance Sheets","5000","World","5142","Food","2769","Aquatic Animals, Others","2013","2013","1000 tonnes","1255","A","Aggregate, may include official, semi-official, estimated or calculated data"
"FBS","Food Balance Sheets","5000","World","645","Food supply quantity (kg/capita/yr)","2769","Aquatic Animals, Others","2013","2013","kg","0.18","Fc","Calculated data"
"FBS","Food Balance Sheets","5000","World","664","Food supply (kcal/capita/day)","2769","Aquatic Animals, Others","2013","2013","kcal/capita/day","0","Fc","Calculated data"
"FBS","Food Balance Sheets","5000","World","5142","Food","2775","Aquatic Plants","2013","2013","1000 tonnes","14307","A","Aggregate, may include official, semi-official, estimated or calculated data"
"FBS","Food Balance Sheets","5000","World","645","Food supply quantity (kg/capita/yr)","2775","Aquatic Plants","2013","2013","kg","2.04","Fc","Calculated data"
"FBS","Food Balance Sheets","5000","World","664","Food supply (kcal/capita/day)","2775","Aquatic Plants","2013","2013","kcal/capita/day","2","Fc","Calculated data"
"FBS","Food Balance Sheets","5000","World","5123","Losses","2928","Miscellaneous","2013","2013","1000 tonnes","1","A","Aggregate, may include official, semi-official, estimated or calculated data"
"FBS","Food Balance Sheets","5000","World","5142","Food","2928","Miscellaneous","2013","2013","1000 tonnes","768","A","Aggregate, may include official, semi-official, estimated or calculated data"
"FBS","Food Balance Sheets","5000","World","645","Food supply quantity (kg/capita/yr)","2928","Miscellaneous","2013","2013","kg","0.11","Fc","Calculated data"
"FBS","Food Balance Sheets","5000","World","664","Food supply (kcal/capita/day)","2928","Miscellaneous","2013","2013","kcal/capita/day","2","Fc","Calculated data"
"FBS","Food Balance Sheets","5000","World","5123","Losses","2680","Infant food","2013","2013","1000 tonnes","1","A","Aggregate, may include official, semi-official, estimated or calculated data"
"FBS","Food Balance Sheets","5000","World","5142","Food","2680","Infant food","2013","2013","1000 tonnes","768","A","Aggregate, may include official, semi-official, estimated or calculated data"
"FBS","Food Balance Sheets","5000","World","645","Food supply quantity (kg/capita/yr)","2680","Infant food","2013","2013","kg","0.11","Fc","Calculated data"
"FBS","Food Balance Sheets","5000","World","664","Food supply (kcal/capita/day)","2680","Infant food","2013","2013","kcal/capita/day","1","Fc","Calculated data"
"FBS","Food Balance Sheets","5000","World","664","Food supply (kcal/capita/day)","2899","Miscellaneous","2013","2013","kcal/capita/day","1","Fc","Calculated data"
